Area,Norma,Requisito,Estado,Evidencia,Cómo cumplir / cómo refactorizar,Prioridad
Backend,LFPDPPP,"Aviso de privacidad publicado y accesible",Parcial,"docs/system/02-requisitos.md:49 (referencia)","Crear página /privacy, publicarla y enlazarla desde el banner de consentimiento",Alta
Backend,LFPDPPP,"Consentimiento explícito de tratamiento (campo data_consent)",Cumple,"core_backend/apps/authentication/models.py:35-39 (campo Boolean)","Validar data_consent en registro, guardar data_consent_date",Media
Backend,LFPDPPP,"Cifrado en reposo de objetos en S3/MinIO",Parcial,"core_backend/mole_ai_backend/settings.py:221-229 (config S3 sin cifrado obligatorio)","Activar SERVER_SIDE_ENCRYPTION en S3 y cifrado en MinIO",Media
Backend,LFPDPPP,"Retención y borrado seguro (soft-delete, política de retención)",Parcial,"core_backend/apps/authentication/models.py:63-66 (soft-delete timestamps)","Definir política de retención (2 años) y job Celery de purga",Media
Backend,LFPDPPP,"Control de acceso (JWT, permisos DRF)",Cumple,"core_backend/mole_ai_backend/settings.py:160-174 (JWT, DEFAULT_PERMISSION_CLASSES)","Mantener, asegurar cobertura de pruebas de autorización",Alta
Backend,ISO/IEC 25000,"Gestión de errores con respuestas API estructuradas",Parcial,"core_backend/apps/authentication/views.py:55 (comentario)","Implementar respuestas JSON con códigos HTTP, añadir tests de integración",Media
Backend,ISO/IEC 25000,"Documentación de funciones críticas (docstrings, Sphinx)",Parcial,"core_backend/apps/core/tasks.py:4-6 (hash SHA-256)","Completar docstrings, generar Sphinx docs",Media
Backend,MoproSoft,"Gestión de versiones y trazabilidad de cambios (Gitflow)",No cumple,"No hay referencia a flujo de trabajo de ramas ni política de Pull-Request.","Definir y documentar proceso Gitflow en docs/processes/git-workflow.md",Alta
Backend,MoproSoft,"Gestión de incidencias y tickets",No cumple,"No hay tracker interno.","Adoptar GitHub Issues o Jira, enlazar commits/PRs con issue",Alta
Backend,ISO/IEC 25000,"Uso de hashing (SHA-256) para PII en logs",Cumple,"core_backend/apps/core/tasks.py:4-6 (hash SHA-256)","Mantener, añadir pruebas unitarias de hashing",Alta
Frontend,LFPDPPP,"Banner de aviso y captura de consentimiento",Cumple,"frontend/src/js/modules/ui/privacy.js:33-38 (banner)","Añadir llamada API POST /api/v1/users/{id}/consent y validar actualización en base de datos",Alta
Frontend,LFPDPPP,"Enmascarado de query strings en logs",Parcial,"infrastructure/nginx/nginx.conf:13 (comentario)","Descomentar exclusión $query_string y habilitar Strict-Transport-Security",Media
Frontend,ISO/IEC 25000,"Accesibilidad del banner (ARIA, contraste)",No cumple,"Sin atributos ARIA ni contraste suficiente en CSS del banner.","Añadir role=alertdialog, aria-label, ajustar colores para contraste ≥4.5:1",Media
Frontend,ISO/IEC 25000,"Compresión y minificación de assets estáticos",Parcial,"nginx.conf sin gzip configurado","Activar gzip on; y servir versiones minificadas generadas por Vite/Webpack",Media
Frontend,MoproSoft,"Gestión de versiones de UI (release notes)",No cumple,"No existe CHANGELOG.md para UI.","Crear docs/changelog_frontend.md y actualizar en cada release",Baja
Frontend,ISO/IEC 25000,"Compatibilidad con navegadores principales",Parcial,"Sólo pruebas locales en Chrome (frontend/tests/)","Añadir pruebas Selenium/Cypress para Chrome, Firefox, Edge, usar polyfills",Media
Micro‑servicios,LFPDPPP,"Pseudo-anonimización de UUID en logs",Cumple,"microservices/mole_vision/app/core/security.py:22-24 (hash SHA-256)","Mantener, añadir pruebas unitarias de hashing",Alta
Micro‑servicios,LFPDPPP,"Sanitización de email y teléfono",Cumple,"microservices/mole_chat/app/core/pii_sanitizer.py:9 (motor sanitización)","Mantener, cubrir con pruebas unitarias de sanitización",Media
Micro‑servicios,LFPDPPP,"Prompt sanitization (evitar fuga de PII)",Cumple,"microservices/mole_chat/app/core/security.py:21 (hash)","Mantener, incluir en pruebas de integración",Media
Micro‑servicios,ISO/IEC 25000,"Circuit-breaker / retries en llamadas inter-service",Parcial,"edge_node/openclaw_gateway.py contiene lógica de circuit-breaker; services usan HTTP sin fallback.","Integrar pybreaker o resilience4j-python en cada cliente HTTP interno, cubrir con pruebas de falla simuladas",Alta
Micro‑servicios,ISO/IEC 25000,"Gestión de dependencias bloqueadas (requirements.lock)",Parcial,"Cada micro-service tiene requirements.txt sin versiones fijas.","Generar requirements.lock con pip-compile, usar en Dockerfiles, actualizar CI",Media
Micro‑servicios,MoproSoft,"Procedimientos de despliegue (versionado de imágenes Docker)",Parcial,"docker-compose.yml define servicios sin tags de versión.","Etiquetar imágenes con versiones semánticas (service:1.2.0) y publicar en registry interno",Media
Micro‑servicios,ISO/IEC 25000,"TLS entre micro‑servicios",Parcial,"Sólo NGINX expone TLS; los micro‑servicios se comunican por HTTP interno.","Configurar mutual TLS entre contenedores o usar service-mesh ligero que proporcione mTLS",Alta
Base de datos,LFPDPPP,"Cifrado en reposo de objetos (S3/pgvector)",Parcial,"core_backend/mole_ai_backend/settings.py:221-229 (config S3 sin cifrado forzado)","Habilitar SERVER_SIDE_ENCRYPTION en bucket S3 y cifrado en MinIO",Media
Base de datos,LFPDPPP,"Retención y borrado seguro (soft-delete, política de expiración)",Parcial,"core_backend/apps/authentication/models.py:63-66 (soft-delete timestamps)","Definir política de retención (2 años) y job Celery de purga",Media
Base de datos,ISO/IEC 25000,"Pruebas de migraciones y rollbacks",No cumple,"No se encontró test de migración.","Añadir tests/test_migrations.py que apliquen y reviertan migrations contra base temporal",Alta
Base de datos,ISO/IEC 25000,"Índices y consultas optimizadas",Parcial,"Sin evidencia de índices en tabla sensor_log.","Analizar query plan y crear índices (CREATE INDEX ON sensor_log (plant_id, ts));",Media
Base de datos,MoproSoft,"Documentación del proceso de cambios de esquema (versión y revisión)",Parcial,"Solo migrations; no hay documentación del flujo.","Documentar proceso de cambios de esquema en docs/processes/db-change-management.md",Media
Infra‑software,LFPDPPP,"Enmascarado de query strings y cabecera HSTS",Parcial,"infrastructure/nginx/nginx.conf:13 (comentario)","Descomentar add_header Strict-Transport-Security y excluir $query_string del log_format",Media
Infra‑software,ISO/IEC 25000,"Hardening de imágenes Docker (usuario non-root)",Parcial,"Dockerfiles no definen USER.","Añadir USER appuser y eliminar paquetes de compilación (gcc, make)",Alta
Infra‑software,ISO/IEC 25000,"Uso de variables de entorno en lugar de rutas fijas",Parcial,"Rutas estáticas en NGINX (/usr/share/nginx/html).","Reemplazar por variables (${NGINX_STATIC_ROOT}) definidas en docker-compose.yml",Media
Infra‑software,MoproSoft,"Gestión centralizada de secretos y configuración",Parcial,".env y .env.example distribuidos sin herramienta de gestión.","Adoptar HashiCorp Vault o dotenv-vault, migrar variables sensibles al secrets manager",Media
Infra‑software,ISO/IEC 25000,"Logs estructurados y correlacionables",Parcial,"Comentario en core_backend/apps/authentication/views.py sin uso de structlog.","Integrar structlog en todos los módulos con campos request_id, user_id, event, enviar a stdout",Media
CI/CD,MoproSoft,"Pipeline automatizado (build → test → deploy)",No cumple,"No existe workflow en .github/workflows/.","Crear ci.yml con stages: lint → unit → integration → coverage → Docker build → push → despliegue a staging",Alta
CI/CD,MoproSoft,"Análisis estático (lint, type‑checking)",Parcial,"pyrightconfig.json presente pero no ejecutado en CI.","Añadir paso pyright al workflow y fallar en errores",Media
CI/CD,ISO/IEC 25000,"Pruebas de carga y estrés",No cumple,"No hay scripts de carga (Locust).","Implementar locustfile.py y ejecutarlo como stage de load test en CI",Alta
CI/CD,ISO/IEC 25000,"Scanning de vulnerabilidades de dependencias (SCA)",No cumple,"No hay Dependabot, Snyk o similares.","Activar Dependabot alerts y añadir paso snyk test al workflow",Alta
CI/CD,MoproSoft,"Cobertura mínima del 80 %",Parcial,"Cobertura actual ≈68 % (medida local).","Añadir coverage run/xml al CI, configurar fail‑under = 80",Media
CI/CD,ISO/IEC 25000,"Tests de regresión UI (Cypress)",No cumple,"No existen tests end‑to‑end para la UI.","Crear carpeta frontend/e2e/ con pruebas Cypress que cubran login, banner, consentimiento, envío de datos",Media
Documentación & Políticas,MoproSoft,"Guía de arquitectura con sección LFPDPPP",Parcial,"docs/system/04-arquitectura-del-sistema.md existe pero no incluye apartado de política de datos.","Añadir sección “Política de protección de datos (LFPDPPP)”",Media
Documentación & Políticas,LFPDPPP,"Política de retención de datos personales",Parcial,"docs/system/02-requisitos.md:62-63 menciona retención de 30 días en S3, pero no está formalizada.","Redactar docs/policy/data-retention.md con descripción de tiempo de retención, método automático de eliminación, referencia en arquitectura",Alta
Documentación & Políticas,ISO/IEC 25000,"Manual de usuario (UX)",No cumple,"No existe user‑manual.md.","Crear docs/user-manual.md con guías paso‑a‑paso, capturas de pantalla del banner y flujo de consentimiento",Media
Documentación & Políticas,MoproSoft,"CHANGELOG y versionado de releases",No cumple,"No existe CHANGELOG.md.","Iniciar CHANGELOG.md siguiendo keep‑a‑changelog y actualizar en cada release",Baja
Documentación & Políticas,MoproSoft,"ADRs (Architecture Decision Records) para decisiones críticas",Parcial,"Sólo un ADR presente en skills-main/docs/adr/0001‑explicit‑setup‑pointer‑only‑for‑hard‑dependencies.md.","Completar ADRs para decisiones de arquitectura relevantes (uso de JWT, política de anonimización, hardening de Docker, etc.)",Media